{"cameraMode":{"drawMode":0,"name":"Shaded","section":"Shading Mode"},"sceneLighting":true,"audioPlay":false,"sceneViewState":{"m_AlwaysRefresh":false,"showFog":true,"showSkybox":true,"showFlares":true,"showImageEffects":true,"showParticleSystems":true,"showVisualEffectGraphs":true,"m_FxEnabled":true},"in2DMode":false,"pivot":{"x":0.029880762100219728,"y":1.119999885559082,"z":0.02357614040374756},"rotation":{"x":0.7319807410240173,"y":0.012260904535651207,"z":-0.01317709032446146,"w":0.6810882091522217},"size":5.203457832336426,"orthographic":false}